Company Name,Desciption for Building,Market Cap,Log Scale
Microsoft,"A futuristic eco-tech campus inspired by glass and steel architecture, surrounded by green landscapes, smart walkways, and digital holographic displays. The building features modular glass towers, solar panels, AI-controlled lighting, and open collaborative spaces. Style: modern corporate innovation hub, clean, minimal, high-tech, daylight, ultra-detailed, photorealistic.",3080,0.939
Nvidia,"A cyberpunk-inspired high-performance computing tower with glowing green circuitry patterns across its facade. The structure resembles a massive GPU chip, with neon accents, transparent data cores, and animated light streams. Style: sci-fi megastructure, dark glass, neon green lighting, ultra-detailed, futuristic, cinematic lighting.",4644,1
Intel,"A massive silicon-chip-inspired headquarters with geometric symmetry, white and blue tones, and precision-engineered architecture. The building features crystalline glass panels, clean lines, and a central glowing core representing processors. Style: advanced semiconductor campus, sleek, minimal, technical precision, photorealistic.",257,0.576
Oracle,"A monumental cloud-computing fortress made of reflective red-tinted glass and polished metal. The structure rises like a digital temple, with floating holographic dashboards and data streams. Style: enterprise tech skyscraper, bold, authoritative, high-tech, cinematic lighting.",422,0.646
AMD,"A high-performance innovation tower inspired by circuit boards and microprocessors, featuring angular red-accented metal structures and dynamic LED patterns. The building expresses speed and power. Style: aggressive modern tech architecture, futuristic industrial, ultra-sharp detail.",326,0.61
CoreWeave,"A massive AI cloud data fortress with modular server towers, cooling vents, and glowing fiber-optic pathways. The building looks like a next-generation hyperscale data center, surrounded by robotic infrastructure. Style: industrial futurism, cloud computing hub, photorealistic, dramatic lighting.",47,0.335
Nebius,"A sleek European-style AI research campus combining minimalist architecture with advanced robotics labs and glass atriums. Soft blue lighting, landscaped courtyards, and floating digital interfaces. Style: clean tech research center, Scandinavian minimalism, futuristic elegance.",22,0.23
OpenAI,"A visionary AI research headquarters shaped like an abstract neural network, with flowing organic curves, translucent glass, and glowing blue-white cores. The building feels alive and intelligent. Style: utopian sci-fi architecture, ethical AI center, soft lighting, ultra-detailed, cinematic.",500,0.672
xAI,"A dark, space-inspired AI observatory tower with cosmic elements, star-map holograms, and rocket-like spires. The structure blends astronomy and artificial intelligence. Style: space-age tech facility, dramatic, mysterious, high contrast lighting, ultra-realistic.",250,0.569
Mistral AI,"A European AI innovation hub blending classical stone architecture with ultra-modern glass extensions. Wind-inspired flowing forms and energy-efficient design. Style: neo-classical meets futuristic, sustainable tech campus, elegant and refined.",14,0.181
Figure AI,"A robotics headquarters resembling a humanoid skeleton structure, with exposed mechanical frames, robotic labs, and transparent testing floors. Humanoid robots visible inside. Style: advanced robotics research center, sci-fi industrial, hyper-detailed, realistic lighting.",39,0.307
Nscale,"A towering AI supercomputing and data infrastructure complex with massive cooling towers, quantum-core chambers, and illuminated data highways. The building radiates raw computational power. Style: megastructure data hub, ultra-futuristic, cinematic scale, photorealistic.",3,0